T001,Basic,Maruti Wagon R
T002,Basic,Maruti Wagon R
T003,Basic,Maruti Wagon R
T004,Basic,Maruti Wagon R
T005,Basic,Maruti Wagon R
T006,Basic,Maruti Wagon R
T007,Basic,Maruti Wagon R
T008,Basic,Maruti Wagon R
T009,Basic,Maruti Wagon R
T010,Basic,Maruti Wagon R
T011,Basic,Maruti Wagon R
T012,Basic,Maruti Wagon R
T013,Basic,Maruti Alto 800
T014,Basic,Maruti Alto 800
T015,Basic,Maruti Alto 800
T016,Basic,Maruti Alto 800
T017,Basic,Maruti Alto 800
T018,Basic,Maruti Alto 800
T019,Basic,Maruti Alto 800
T020,Basic,Maruti Alto 800
T021,Basic,Maruti Alto 800
T022,Basic,Maruti Alto 800
T023,Basic,Maruti Alto 800
T024,Basic,Maruti Alto 800
T025,Deluxe,Toyota Fortuner
T026,Deluxe,Toyota Fortuner
T027,Deluxe,Toyota Fortuner
T028,Deluxe,Toyota Fortuner
T029,Deluxe,Toyota Fortuner
T030,Deluxe,Toyota Fortuner
T031,Deluxe,Toyota Fortuner
T032,Deluxe,Tata Harrier
T033,Deluxe,Tata Harrier
T034,Deluxe,Tata Harrier
T035,Deluxe,Tata Harrier
T036,Deluxe,Tata Harrier
T037,Deluxe,Tata Harrier
T038,Deluxe,Tata Harrier
T039,Luxury,Audi A6
T040,Luxury,Audi A6
T041,Luxury,Audi A6
T042,Luxury,Audi A6
T043,Luxury,Audi A6
T044,Luxury,Audi A6
T045,Luxury,Audi A6
T046,Luxury,Audi A6
T047,Luxury,BMV X5
T048,Luxury,BMV X5
T049,Luxury,BMV X5
T050,Luxury,BMV X5
T051,Luxury,BMV X5
T052,Luxury,BMV X5
