Basic,Maruti Alto 800
Basic,Maruti Alto 800
Basic,Maruti Alto 800
Basic,Maruti Alto 800
Basic,Maruti Alto 800
Basic,Maruti Wagon R
Basic,Maruti Wagon R
Basic,Maruti Wagon R
Basic,Maruti Wagon R
Basic,Maruti Wagon R
Basic,Maruti Wagon R
Basic,Maruti Wagon R
Basic,Maruti Alto 800
Basic,Maruti Alto 800
Basic,Maruti Alto 800
Basic,Maruti Alto 800
Basic,Maruti Alto 800
Basic,Maruti Alto 800
Basic,Maruti Alto 800
Basic,Maruti Alto 800
Basic,Maruti Alto 800
Basic,Maruti Alto 800
Basic,Maruti Alto 800
Basic,Maruti Alto 800
Deluxe,Toyota Fortuner
Deluxe,Toyota Fortuner
Deluxe,Toyota Fortuner
Deluxe,Toyota Fortuner
Deluxe,Toyota Fortuner
Deluxe,Toyota Fortuner
Deluxe,Toyota Fortuner
Deluxe,Tata Harrier
Deluxe,Tata Harrier
Deluxe,Tata Harrier
Deluxe,Tata Harrier
Deluxe,Tata Harrier
Deluxe,Tata Harrier
Deluxe,Tata Harrier
Luxury,Audi A6
Luxury,Audi A6
Luxury,Audi A6
Luxury,Audi A6
Luxury,Audi A6
Luxury,Audi A6
Luxury,Audi A6
Luxury,Audi A6
Luxury,BMV X5
Luxury,BMV X5
Luxury,BMV X5
Luxury,BMV X5
Luxury,BMV X5
Luxury,BMV X5
